{"standalone":{"last":"C:\\Users\\user\\AppData\\Roaming\\npm\\node_modules\\protractor\\node_modules\\webdriver-manager\\selenium\\selenium-server-standalone-2.53.1.jar","all":["C:\\Users\\user\\AppData\\Roaming\\npm\\node_modules\\protractor\\node_modules\\webdriver-manager\\selenium\\selenium-server-standalone-2.53.1.jar"]},"chrome":{"last":"C:\\Users\\user\\AppData\\Roaming\\npm\\node_modules\\protractor\\node_modules\\webdriver-manager\\selenium\\chromedriver_2.26.exe","all":["C:\\Users\\user\\AppData\\Roaming\\npm\\node_modules\\protractor\\node_modules\\webdriver-manager\\selenium\\chromedriver_2.26.exe"]},"gecko":{"last":"C:\\Users\\user\\AppData\\Roaming\\npm\\node_modules\\protractor\\node_modules\\webdriver-manager\\selenium\\geckodriver-v0.12.0.exe","all":["C:\\Users\\user\\AppData\\Roaming\\npm\\node_modules\\protractor\\node_modules\\webdriver-manager\\selenium\\geckodriver-v0.12.0.exe"]}}